{
  "A_full": {
    "description": "Full ZS-HetGAT",
    "test": {
      "mrr": {
        "mean": 0.9982303182284037,
        "std": 0.00033856469871431917
      },
      "hits@1": {
        "mean": 0.9974582195281982,
        "std": 0.0006793194055624858
      },
      "hits@3": {
        "mean": 0.998910665512085,
        "std": 0.0
      },
      "hits@10": {
        "mean": 0.9992737770080566,
        "std": 0.00025675860112836643
      }
    },
    "zeroshot": {
      "mrr": {
        "mean": 0.5677644610404968,
        "std": 0.08024635659321269
      },
      "hits@1": {
        "mean": 0.5450191597143809,
        "std": 0.07814590432694156
      },
      "hits@3": {
        "mean": 0.5450191597143809,
        "std": 0.07814590432694156
      },
      "hits@10": {
        "mean": 0.5737548073132833,
        "std": 0.09899786373124046
      }
    }
  },
  "B_no_graph": {
    "description": "No graph structure",
    "test": {
      "mrr": {
        "mean": 0.9621009826660156,
        "std": 0.0046136646834737975
      },
      "hits@1": {
        "mean": 0.9355482856432596,
        "std": 0.008394766670580606
      },
      "hits@3": {
        "mean": 0.9889251987139384,
        "std": 0.001119162233978301
      },
      "hits@10": {
        "mean": 0.9983659982681274,
        "std": 0.0
      }
    },
    "zeroshot": {
      "mrr": {
        "mean": 0.49926577011744183,
        "std": 0.041307743488064645
      },
      "hits@1": {
        "mean": 0.476053645213445,
        "std": 0.04810299061610082
      },
      "hits@3": {
        "mean": 0.476053645213445,
        "std": 0.04810299061610082
      },
      "hits@10": {
        "mean": 0.49712643027305603,
        "std": 0.036574487228723196
      }
    }
  },
  "C_lookup_drug": {
    "description": "Lookup drug embeddings (no ZS)",
    "test": {
      "mrr": {
        "mean": 0.997374971707662,
        "std": 0.0003712332835392306
      },
      "hits@1": {
        "mean": 0.9961873690287272,
        "std": 0.0004446946091622288
      },
      "hits@3": {
        "mean": 0.9985475540161133,
        "std": 0.00025675860112836643
      },
      "hits@10": {
        "mean": 1.0,
        "std": 0.0
      }
    },
    "zeroshot": {
      "mrr": {
        "mean": 0.0,
        "std": 0.0
      },
      "hits@1": {
        "mean": 0.0,
        "std": 0.0
      },
      "hits@3": {
        "mean": 0.0,
        "std": 0.0
      },
      "hits@10": {
        "mean": 0.0,
        "std": 0.0
      }
    }
  },
  "D_single_layer": {
    "description": "Single GAT layer",
    "test": {
      "mrr": {
        "mean": 0.9983936150868734,
        "std": 0.0005017368303637513
      },
      "hits@1": {
        "mean": 0.9978213310241699,
        "std": 0.0008894378848692847
      },
      "hits@3": {
        "mean": 0.9985475540161133,
        "std": 0.00025675860112836643
      },
      "hits@10": {
        "mean": 0.9998184442520142,
        "std": 0.00025675860112836643
      }
    },
    "zeroshot": {
      "mrr": {
        "mean": 0.6342918872833252,
        "std": 0.07563298848640675
      },
      "hits@1": {
        "mean": 0.6168582439422607,
        "std": 0.07747378876112154
      },
      "hits@3": {
        "mean": 0.6168582439422607,
        "std": 0.07747378876112154
      },
      "hits@10": {
        "mean": 0.6388888955116272,
        "std": 0.07538502681262164
      }
    }
  },
  "E_no_mechanism": {
    "description": "No mechanism nodes",
    "test": {
      "mrr": {
        "mean": 0.9984479149182638,
        "std": 0.00022262117699576139
      },
      "hits@1": {
        "mean": 0.9978213310241699,
        "std": 0.00044471894243464235
      },
      "hits@3": {
        "mean": 0.998910665512085,
        "std": 0.0
      },
      "hits@10": {
        "mean": 0.9996368885040283,
        "std": 0.00025675860112836643
      }
    },
    "zeroshot": {
      "mrr": {
        "mean": 0.6155883471171061,
        "std": 0.011961582463534697
      },
      "hits@1": {
        "mean": 0.5919540325800577,
        "std": 0.007038779571335533
      },
      "hits@3": {
        "mean": 0.5919540325800577,
        "std": 0.007038779571335533
      },
      "hits@10": {
        "mean": 0.6302682161331177,
        "std": 0.021800394678202367
      }
    }
  }
}