{
  "zs_hetgat": {
    "n_seeds": 5,
    "test": {
      "mrr": {
        "mean": 0.9987840414047241,
        "std": 0.0004367887332442271
      },
      "hits@1": {
        "mean": 0.9983659982681274,
        "std": 0.0008437948660288662
      },
      "hits@3": {
        "mean": 0.998910665512085,
        "std": 0.0
      },
      "hits@10": {
        "mean": 0.999782133102417,
        "std": 0.0002668313654607854
      },
      "auc": 0.9996365951367232,
      "ap": 0.9997166287539133
    },
    "zeroshot": {
      "mrr": {
        "mean": 0.5434386730194092,
        "std": 0.05347334423013168
      },
      "hits@1": {
        "mean": 0.5235632240772248,
        "std": 0.05713696361085156
      },
      "hits@3": {
        "mean": 0.5235632240772248,
        "std": 0.05713696361085156
      },
      "hits@10": {
        "mean": 0.5413793087005615,
        "std": 0.05768923660385908
      },
      "auc": 0.7213386841062227,
      "ap": 0.7058826604605394
    },
    "generalisation_gap_mrr": 0.4553453683853149,
    "per_dc_zeroshot": {
      "glycopeptide antibiotic": {
        "mrr": 0.32655444741249084,
        "hits@1": 0.2777777910232544,
        "hits@10": 0.42222222685813904,
        "n_edges": 90,
        "gene_overlap_pct": 1
      },
      "glycylcycline": {
        "mrr": 0.38032129406929016,
        "hits@1": 0.34285715222358704,
        "hits@10": 0.4571428596973419,
        "n_edges": 35,
        "gene_overlap_pct": 100
      },
      "lincosamide antibiotic": {
        "mrr": 0.8878157734870911,
        "hits@1": 0.8703703880310059,
        "hits@10": 0.9259259104728699,
        "n_edges": 108,
        "gene_overlap_pct": 56
      },
      "rifamycin antibiotic": {
        "mrr": 0.432271271944046,
        "hits@1": 0.4032258093357086,
        "hits@10": 0.4516128897666931,
        "n_edges": 62,
        "gene_overlap_pct": 47
      },
      "streptogramin A antibiotic": {
        "mrr": 0.7893351316452026,
        "hits@1": 0.7735849022865295,
        "hits@10": 0.7924528121948242,
        "n_edges": 53,
        "gene_overlap_pct": 100
      }
    }
  },
  "rgcn": {
    "n_seeds": 5,
    "test": {
      "mrr": {
        "mean": 0.9797746896743774,
        "std": 0.0056515629546347364
      },
      "hits@1": {
        "mean": 0.9628540396690368,
        "std": 0.010641970648012743
      },
      "hits@3": {
        "mean": 0.9970587968826294,
        "std": 0.00043573379516601566
      },
      "hits@10": {
        "mean": 0.999564266204834,
        "std": 0.0004075916433374915
      },
      "auc": 0.9958699408109891,
      "ap": 0.9944803560892862
    },
    "zeroshot": {
      "mrr": {
        "mean": 0.775042724609375,
        "std": 0.012809614856244822
      },
      "hits@1": {
        "mean": 0.7632183909416199,
        "std": 0.01240634137665103
      },
      "hits@3": {
        "mean": 0.7632183909416199,
        "std": 0.01240634137665103
      },
      "hits@10": {
        "mean": 0.7764367818832397,
        "std": 0.01708743996413303
      },
      "auc": 0.7696029858633902,
      "ap": 0.6665706718052432
    },
    "generalisation_gap_mrr": 0.20473196506500246,
    "per_dc_zeroshot": {
      "glycopeptide antibiotic": {
        "mrr": 0.4697926938533783,
        "hits@1": 0.4333333373069763,
        "hits@10": 0.5222222208976746,
        "n_edges": 90,
        "gene_overlap_pct": 1
      },
      "glycylcycline": {
        "mrr": 0.08184146881103516,
        "hits@1": 0.05714285746216774,
        "hits@10": 0.08571428805589676,
        "n_edges": 35,
        "gene_overlap_pct": 100
      },
      "lincosamide antibiotic": {
        "mrr": 0.7759361863136292,
        "hits@1": 0.75,
        "hits@10": 0.8055555820465088,
        "n_edges": 108,
        "gene_overlap_pct": 56
      },
      "rifamycin antibiotic": {
        "mrr": 0.8513997793197632,
        "hits@1": 0.8387096524238586,
        "hits@10": 0.8548387289047241,
        "n_edges": 62,
        "gene_overlap_pct": 47
      },
      "streptogramin A antibiotic": {
        "mrr": 0.8450144529342651,
        "hits@1": 0.8301886916160583,
        "hits@10": 0.9056603908538818,
        "n_edges": 53,
        "gene_overlap_pct": 100
      }
    }
  },
  "feature_mlp": {
    "n_seeds": 5,
    "test": {
      "mrr": {
        "mean": 0.9990176081657409,
        "std": 2.39441584239269e-06
      },
      "hits@1": {
        "mean": 0.998910665512085,
        "std": 0.0
      },
      "hits@3": {
        "mean": 0.998910665512085,
        "std": 0.0
      },
      "hits@10": {
        "mean": 0.999782133102417,
        "std": 0.0002668313654607854
      },
      "auc": 0.99910498573673,
      "ap": 0.9995036026895177
    },
    "zeroshot": {
      "mrr": {
        "mean": 0.475767719745636,
        "std": 0.05192869032456158
      },
      "hits@1": {
        "mean": 0.4545977056026459,
        "std": 0.052023406932418075
      },
      "hits@3": {
        "mean": 0.4545977056026459,
        "std": 0.052023406932418075
      },
      "hits@10": {
        "mean": 0.46551724076271056,
        "std": 0.05479395626241894
      },
      "auc": 0.1941719513806315,
      "ap": 0.34647297816212497
    },
    "generalisation_gap_mrr": 0.5232498884201049,
    "per_dc_zeroshot": {
      "glycopeptide antibiotic": {
        "mrr": 0.153792604804039,
        "hits@1": 0.12222222238779068,
        "hits@10": 0.15555556118488312,
        "n_edges": 90,
        "gene_overlap_pct": 1
      },
      "glycylcycline": {
        "mrr": 0.3006570041179657,
        "hits@1": 0.2571428716182709,
        "hits@10": 0.34285715222358704,
        "n_edges": 35,
        "gene_overlap_pct": 100
      },
      "lincosamide antibiotic": {
        "mrr": 0.7533928155899048,
        "hits@1": 0.7222222089767456,
        "hits@10": 0.7962962985038757,
        "n_edges": 108,
        "gene_overlap_pct": 56
      },
      "rifamycin antibiotic": {
        "mrr": 0.5631028413772583,
        "hits@1": 0.5483871102333069,
        "hits@10": 0.5645161271095276,
        "n_edges": 62,
        "gene_overlap_pct": 47
      },
      "streptogramin A antibiotic": {
        "mrr": 0.7406450510025024,
        "hits@1": 0.7169811129570007,
        "hits@10": 0.7735849022865295,
        "n_edges": 53,
        "gene_overlap_pct": 100
      }
    }
  },
  "distmult": {
    "n_seeds": 5,
    "test": {
      "mrr": {
        "mean": 0.7669660091400147,
        "std": 0.0034453956983057773
      },
      "hits@1": {
        "mean": 0.6888889074325562,
        "std": 0.005737331016993846
      },
      "hits@3": {
        "mean": 0.8028322458267212,
        "std": 0.00561819836438363
      },
      "hits@10": {
        "mean": 0.9404139518737793,
        "std": 0.006109934632375945
      },
      "auc": 0.9275293571798122,
      "ap": 0.927455516045554
    },
    "zeroshot": {
      "mrr": {
        "mean": 0.4280990958213806,
        "std": 0.03853522093247736
      },
      "hits@1": {
        "mean": 0.4022988498210907,
        "std": 0.038467125732409756
      },
      "hits@3": {
        "mean": 0.4022988498210907,
        "std": 0.038467125732409756
      },
      "hits@10": {
        "mean": 0.42356321811676023,
        "std": 0.042528737074620265
      },
      "auc": 0.5151687805522526,
      "ap": 0.5147667729940575
    },
    "generalisation_gap_mrr": 0.33886691331863406,
    "per_dc_zeroshot": {
      "glycopeptide antibiotic": {
        "mrr": 0.7458602786064148,
        "hits@1": 0.7222222089767456,
        "hits@10": 0.7888888716697693,
        "n_edges": 90,
        "gene_overlap_pct": 1
      },
      "glycylcycline": {
        "mrr": 0.012710760347545147,
        "hits@1": 0.0,
        "hits@10": 0.0,
        "n_edges": 35,
        "gene_overlap_pct": 100
      },
      "lincosamide antibiotic": {
        "mrr": 0.2693798542022705,
        "hits@1": 0.21296297013759613,
        "hits@10": 0.3333333432674408,
        "n_edges": 108,
        "gene_overlap_pct": 56
      },